,Neurons,Train,Test
0,5.0,53.20261437908497,53.84615384615385
1,10.0,58.30065359477125,57.948717948717956
2,50.0,52.81045751633987,52.307692307692314
3,100.0,60.78431372549019,52.307692307692314
4,300.0,70.84967320261438,47.69230769230769
5,500.0,87.84313725490196,53.333333333333336
6,1000.0,49.80392156862745,51.28205128205128
