,Neurons,Train,Test
0,5.0,53.20261437908497,53.84615384615385
1,10.0,58.30065359477125,57.948717948717956
